title,stars_in_movie
Avatar,"Sigourney Weaver, Sam Worthington"
Pirates of the Caribbean: At World's End,"Tom Holland, Johnny Depp"
Spectre,"Ralph Fiennes, Dave Bautista, Christoph Waltz"
The Dark Knight Rises,"Christian Bale, Liam Neeson, Joseph Gordon-Levitt, Tom Hardy, Michael Caine, Gary Oldman"
John Carter,Willem Dafoe
Spider-Man 3,"Kirsten Dunst, Willem Dafoe, Tobey Maguire"
Avengers: Age of Ultron,"Scarlett Johansson, Mark Ruffalo, Chris Evans, Robert Downey Jr., Chris Hemsworth, Samuel L. Jackson"
Harry Potter and the Half-Blood Prince,"Emma Watson, Rupert Grint, Daniel Radcliffe"
Superman Returns,Marlon Brando
Pirates of the Caribbean: Dead Man's Chest,"Tom Holland, Johnny Depp"
The Lone Ranger,"Johnny Depp, Armie Hammer"
The Chronicles of Narnia: Prince Caspian,Liam Neeson
The Avengers,"Scarlett Johansson, Mark Ruffalo, Chris Evans, Robert Downey Jr., Chris Hemsworth, Samuel L. Jackson"
Pirates of the Caribbean: On Stranger Tides,Johnny Depp
Men in Black 3,Will Smith
The Hobbit: The Battle of the Five Armies,"Benedict Cumberbatch, Ian McKellen"
The Amazing Spider-Man,"Emma Stone, Andrew Garfield"
The Hobbit: The Desolation of Smaug,"Benedict Cumberbatch, Ian McKellen"
The Golden Compass,"Nicole Kidman, Ian McKellen"
King Kong,Adrien Brody
Titanic,Leonardo DiCaprio
Captain America: Civil War,"Scarlett Johansson, Chris Evans, Robert Downey Jr., Tom Holland"
Battleship,Liam Neeson
Jurassic World,Chris Pratt
Skyfall,Ralph Fiennes
Spider-Man 2,"Kirsten Dunst, Willem Dafoe, Tobey Maguire"
Iron Man 3,"Mark Ruffalo, Robert Downey Jr., Ben Kingsley"
Alice in Wonderland,Johnny Depp
X-Men: The Last Stand,"Hugh Jackman, Ian McKellen"
Transformers: Age of Extinction,Mark Wahlberg
The Amazing Spider-Man 2,"Emma Stone, Andrew Garfield"
Cars 2,Michael Caine
Green Lantern,Ryan Reynolds
Toy Story 3,"Tom Hanks, Michael Keaton"
Terminator Salvation,"Christian Bale, Sam Worthington"
Furious 7,"Dwayne Johnson, Jason Statham"
World War Z,Brad Pitt
X-Men: Days of Future Past,"Hugh Jackman, Jennifer Lawrence, Nicholas Hoult, Ian McKellen"
Star Trek Into Darkness,"Chris Hemsworth, Benedict Cumberbatch"
Jack the Giant Slayer,"Nicholas Hoult, Ewan McGregor"
The Great Gatsby,"Leonardo DiCaprio, Tobey Maguire, Carey Mulligan"
Prince of Persia: The Sands of Time,"Jake Gyllenhaal, Ben Kingsley"
Indiana Jones and the Kingdom of the Crystal Skull,Harrison Ford
WALL·E,Sigourney Weaver
A Christmas Carol,Gary Oldman
Jupiter Ascending,Channing Tatum
The Legend of Tarzan,"Margot Robbie, Samuel L. Jackson, Christoph Waltz"
"The Chronicles of Narnia: The Lion, the Witch and the Wardrobe",Liam Neeson
X-Men: Apocalypse,"Hugh Jackman, Jennifer Lawrence, Nicholas Hoult"
The Dark Knight,"Christian Bale, Heath Ledger, Michael Caine, Gary Oldman"
Monsters vs Aliens,Amy Poehler
Iron Man,"Robert Downey Jr., Samuel L. Jackson"
Hugo,Ben Kingsley
Wild Wild West,Will Smith
Suicide Squad,"Will Smith, Margot Robbie"
Edge of Tomorrow,Emily Blunt
G.I. Joe: The Rise of Cobra,"Channing Tatum, Joseph Gordon-Levitt"
Inside Out,Amy Poehler
The Jungle Book,"Scarlett Johansson, Lupita Nyong'o, Ben Kingsley"
Iron Man 2,"Scarlett Johansson, Robert Downey Jr., Samuel L. Jackson"
Snow White and the Huntsman,Chris Hemsworth
Dawn of the Planet of the Apes,Gary Oldman
Captain America: The Winter Soldier,"Scarlett Johansson, Chris Evans, Samuel L. Jackson"
Shrek Forever After,"Mike Myers, Cameron Diaz"
Tomorrowland,George Clooney
The Polar Express,Tom Hanks
Independence Day: Resurgence,"Liam Hemsworth, Jeff Goldblum"
Guardians of the Galaxy,"Chris Pratt, Dave Bautista"
Interstellar,"Matt Damon, Michael Caine"
Inception,"Leonardo DiCaprio, Joseph Gordon-Levitt, Tom Hardy, Michael Caine"
The Hobbit: An Unexpected Journey,"Elijah Wood, Benedict Cumberbatch, Ian McKellen"
The Curious Case of Benjamin Button,Brad Pitt
X-Men: First Class,"Hugh Jackman, Jennifer Lawrence, Nicholas Hoult"
The Hunger Games: Mockingjay - Part 2,"Jennifer Lawrence, Liam Hemsworth, Josh Hutcherson"
Alice Through the Looking Glass,Johnny Depp
Shrek the Third,"Mike Myers, Cameron Diaz, Amy Poehler"
The Chronicles of Narnia: The Voyage of the Dawn Treader,Liam Neeson
Pearl Harbor,Jennifer Garner
Harry Potter and the Order of the Phoenix,"Emma Watson, Rupert Grint, Daniel Radcliffe, Ralph Fiennes, Gary Oldman"
Harry Potter and the Goblet of Fire,"Emma Watson, Rupert Grint, Daniel Radcliffe, Robert Pattinson, Ralph Fiennes, Gary Oldman"
Hancock,Will Smith
I Am Legend,Will Smith
Charlie and the Chocolate Factory,Johnny Depp
Batman Begins,"Christian Bale, Liam Neeson, Michael Caine, Gary Oldman"
X-Men Origins: Wolverine,"Ryan Reynolds, Hugh Jackman"
The Matrix Revolutions,Carrie-Anne Moss
The Matrix Reloaded,Carrie-Anne Moss
Thor: The Dark World,"Chris Evans, Natalie Portman, Chris Hemsworth"
Mad Max: Fury Road,"Nicholas Hoult, Tom Hardy"
Angels & Demons,"Tom Hanks, Ewan McGregor"
Thor,"Natalie Portman, Chris Hemsworth, Samuel L. Jackson"
Wrath of the Titans,"Ralph Fiennes, Liam Neeson, Sam Worthington"
Dark Shadows,Johnny Depp
Mission: Impossible - Rogue Nation,Tom Holland
The Wolfman,Emily Blunt
Bee Movie,"Jerry Seinfeld, Matthew Broderick"
Kung Fu Panda 2,Gary Oldman
White House Down,Channing Tatum
Flushed Away,"Hugh Jackman, Ian McKellen"
Pan,Hugh Jackman
Troy,Brad Pitt
Ghostbusters,"Chris Hemsworth, Sigourney Weaver"
Men in Black II,Will Smith
Rise of the Guardians,Hugh Jackman
Exodus: Gods and Kings,"Christian Bale, Sigourney Weaver, Ben Kingsley"
Star Trek,"Chris Hemsworth, Winona Ryder"
Spider-Man,"Kirsten Dunst, Willem Dafoe, Tobey Maguire"
G.I. Joe: Retaliation,"Dwayne Johnson, Channing Tatum"
Captain America: The First Avenger,"Chris Evans, Samuel L. Jackson"
The Twilight Saga: Breaking Dawn - Part 2,Robert Pattinson
Happy Feet Two,"Brad Pitt, Matt Damon, Elijah Wood"
The Incredible Hulk,"Robert Downey Jr., Edward Norton"
The Revenant,"Leonardo DiCaprio, Tom Hardy, Domhnall Gleeson"
Turbo,"Ryan Reynolds, Samuel L. Jackson"
Rango,Johnny Depp
Penguins of Madagascar,Benedict Cumberbatch
The Bourne Ultimatum,Matt Damon
The Hunger Games: Catching Fire,"Jennifer Lawrence, Liam Hemsworth, Josh Hutcherson"
War of the Worlds,Channing Tatum
Bad Boys II,Will Smith
Noah,Emma Watson
Harry Potter and the Prisoner of Azkaban,"Emma Watson, Rupert Grint, Daniel Radcliffe, Gary Oldman"
Australia,"Hugh Jackman, Nicole Kidman"
After Earth,Will Smith
Night at the Museum: Secret of the Tomb,"Hugh Jackman, Ben Kingsley"
Megamind,"Brad Pitt, Amy Poehler"
Harry Potter and the Philosopher's Stone,"Emma Watson, Rupert Grint, Daniel Radcliffe"
R.I.P.D.,Ryan Reynolds
Pirates of the Caribbean: The Curse of the Black Pearl,Johnny Depp
The Hunger Games: Mockingjay - Part 1,"Jennifer Lawrence, Liam Hemsworth, Josh Hutcherson"
The Da Vinci Code,"Tom Hanks, Ian McKellen"
X2,"Hugh Jackman, Ian McKellen"
Fast Five,Dwayne Johnson
Sherlock Holmes: A Game of Shadows,"Robert Downey Jr., Rachel McAdams"
Clash of the Titans,"Ralph Fiennes, Liam Neeson, Nicholas Hoult, Sam Worthington"
The Bourne Legacy,Edward Norton
Batman & Robin,"George Clooney, Uma Thurman"
The Day After Tomorrow,Jake Gyllenhaal
The Perfect Storm,"George Clooney, Mark Wahlberg"
Fantastic 4: Rise of the Silver Surfer,Chris Evans
Jason Bourne,Matt Damon
Charlie's Angels: Full Throttle,Cameron Diaz
Elysium,Matt Damon
RoboCop,"Samuel L. Jackson, Michael Keaton, Gary Oldman"
Knight and Day,Cameron Diaz
Star Wars: Episode III - Revenge of the Sith,"Natalie Portman, Samuel L. Jackson, Ewan McGregor"
Star Wars: Episode II - Attack of the Clones,"Natalie Portman, Samuel L. Jackson, Ewan McGregor"
The Wolverine,"Hugh Jackman, Ian McKellen"
Star Wars: Episode I - The Phantom Menace,"Natalie Portman, Liam Neeson, Samuel L. Jackson, Ewan McGregor"
The Croods,"Ryan Reynolds, Emma Stone"
Windtalkers,Mark Ruffalo
The Huntsman: Winter's War,"Chris Hemsworth, Liam Neeson, Emily Blunt"
Gravity,George Clooney
San Andreas,Dwayne Johnson
The Patriot,Heath Ledger
Ocean's Twelve,"Brad Pitt, George Clooney, Matt Damon"
Mr. & Mrs. Smith,Brad Pitt
The Aviator,"Leonardo DiCaprio, Willem Dafoe"
Gulliver's Travels,Emily Blunt
The Green Hornet,"Christoph Waltz, Cameron Diaz"
Real Steel,Hugh Jackman
Speed 2: Cruise Control,Willem Dafoe
Ender's Game,"Harrison Ford, Ben Kingsley"
The Lord of the Rings: The Fellowship of the Ring,"Elijah Wood, Ian McKellen, Viggo Mortensen"
Ali,Will Smith
The Cat in the Hat,Mike Myers
"I, Robot",Will Smith
Kingdom of Heaven,"Liam Neeson, Edward Norton"
The Martian,Matt Damon
The Island,"Scarlett Johansson, Ewan McGregor"
Gladiator,Joaquin Phoenix
Minority Report,Cameron Diaz
Harry Potter and the Chamber of Secrets,"Emma Watson, Rupert Grint, Daniel Radcliffe"
Planet of the Apes,Mark Wahlberg
Public Enemies,"Channing Tatum, Christian Bale, Johnny Depp, Carey Mulligan"
American Gangster,"John Cena, Denzel Washington"
The Taking of Pelham 1 2 3,Denzel Washington
Little Fockers,Robert De Niro
The Other Guys,"Dwayne Johnson, Mark Wahlberg, Samuel L. Jackson, Michael Keaton"
Django Unchained,"Leonardo DiCaprio, Samuel L. Jackson, Christoph Waltz"
The Expendables 2,"Jason Statham, Liam Hemsworth"
Where the Wild Things Are,Mark Ruffalo
Epic,"Christoph Waltz, Josh Hutcherson"
The Tourist,Johnny Depp
Blood Diamond,Leonardo DiCaprio
The Wolf of Wall Street,"Leonardo DiCaprio, Margot Robbie"
Batman Forever,Nicole Kidman
Cloud Atlas,Tom Hanks
Hercules,Dwayne Johnson
Treasure Planet,Joseph Gordon-Levitt
The Expendables 3,"Jason Statham, Harrison Ford"
In the Heart of the Sea,"Chris Hemsworth, Tom Holland"
Green Zone,Matt Damon
The Mummy Returns,Dwayne Johnson
Gangs of New York,"Leonardo DiCaprio, Liam Neeson, Cameron Diaz"
The Flowers of War,Christian Bale
The Stepford Wives,"Nicole Kidman, Matthew Broderick"
Black Hawk Down,"Tom Hardy, Ewan McGregor"
The Fifth Element,Gary Oldman
The Lovely Bones,Mark Wahlberg
Finding Nemo,Willem Dafoe
The Lord of the Rings: The Return of the King,"Elijah Wood, Ian McKellen, Viggo Mortensen"
The Lord of the Rings: The Two Towers,"Elijah Wood, Ian McKellen, Viggo Mortensen"
Transcendence,Johnny Depp
The Incredibles,Samuel L. Jackson
Percy Jackson & the Olympians: The Lightning Thief,Uma Thurman
Men in Black,Will Smith
Toy Story 2,Tom Hanks
Unstoppable,Denzel Washington
What Lies Beneath,Harrison Ford
Charlie's Angels,Cameron Diaz
The Departed,"Mark Wahlberg, Matt Damon, John Cena, Leonardo DiCaprio"
Tropic Thunder,"Robert Downey Jr., Tobey Maguire"
Die Hard: With a Vengeance,Samuel L. Jackson
Sherlock Holmes,"Robert Downey Jr., Rachel McAdams"
Valkyrie,Tom Holland
You Don't Mess with the Zohan,Adam Sandler
Pixels,Adam Sandler
A.I. Artificial Intelligence,"Meryl Streep, Ben Kingsley"
The Interpreter,Nicole Kidman
Now You See Me 2,"Daniel Radcliffe, Mark Ruffalo, Michael Caine"
Spy Game,Brad Pitt
The Devil's Own,"Brad Pitt, Harrison Ford"
K-19: The Widowmaker,"Harrison Ford, Liam Neeson"
Seabiscuit,Tobey Maguire
Cast Away,Tom Hanks
Happy Feet,"Hugh Jackman, Nicole Kidman, Elijah Wood"
The Bourne Supremacy,Matt Damon
Air Force One,"Harrison Ford, Gary Oldman"
Ocean's Eleven,"Brad Pitt, George Clooney, Matt Damon"
The Three Musketeers,Christoph Waltz
Hotel Transylvania,Adam Sandler
Safe House,"Ryan Reynolds, Denzel Washington"
Tower Heist,Matthew Broderick
The Holiday,Cameron Diaz
Enemy of the State,Will Smith
It's Complicated,Meryl Streep
Ocean's Thirteen,"Brad Pitt, George Clooney, Matt Damon, Al Pacino"
The Rundown,Dwayne Johnson
Last Action Hero,Ian McKellen
Meet Joe Black,Brad Pitt
Mirror Mirror,Armie Hammer
Scott Pilgrim vs. the World,"Chris Evans, Michael Cera, Jason Schwartzman"
Dredd,Domhnall Gleeson
Click,Adam Sandler
Jumper,Samuel L. Jackson
Zodiac,"Jake Gyllenhaal, Mark Ruffalo, Robert Downey Jr."
The Expendables,Jason Statham
The Hunger Games,"Jennifer Lawrence, Liam Hemsworth, Josh Hutcherson"
Batman Returns,Michael Keaton
Deep Impact,Elijah Wood
The Longest Yard,Adam Sandler
Alvin and the Chipmunks: Chipwrecked,Amy Poehler
Grown Ups 2,Adam Sandler
Get Smart,Dwayne Johnson
Shutter Island,"Leonardo DiCaprio, Mark Ruffalo, Ben Kingsley"
Robots,Ewan McGregor
Bedtime Stories,Adam Sandler
Road to Perdition,Tom Hanks
Just Go with It,"Nicole Kidman, Adam Sandler"
Cold Mountain,"Nicole Kidman, Natalie Portman"
The Book of Eli,"Denzel Washington, Gary Oldman"
The Haunting,Liam Neeson
The Pink Panther,Jason Statham
Fury,Brad Pitt
Six Days Seven Nights,Harrison Ford
Spirit: Stallion of the Cimarron,Matt Damon
Zookeeper,Adam Sandler
Lost in Space,Gary Oldman
The Manchurian Candidate,"Denzel Washington, Meryl Streep"
Hotel Transylvania 2,Adam Sandler
Swordfish,Hugh Jackman
Little Nicky,Adam Sandler
The Brothers Grimm,"Matt Damon, Heath Ledger"
Mars Attacks!,Natalie Portman
Daylight,Viggo Mortensen
Nine,Nicole Kidman
The Last Witch Hunter,"Elijah Wood, Michael Caine"
Red Planet,Carrie-Anne Moss
Arthur and the Invisibles,Robert De Niro
A Sound of Thunder,Ben Kingsley
Pompeii,Carrie-Anne Moss
The Lion King,Matthew Broderick
Journey 2: The Mysterious Island,"Dwayne Johnson, Michael Caine, Josh Hutcherson"
Red Dragon,"Ralph Fiennes, Edward Norton"
Hidalgo,Viggo Mortensen
Jack and Jill,"Adam Sandler, Al Pacino, Johnny Depp"
2 Fast 2 Furious,John Cena
The Little Prince,Rachel McAdams
The Invasion,Nicole Kidman
The Adventures of Rocky & Bullwinkle,Robert De Niro
The Secret Life of Pets,Kevin Hart
Independence Day,"Will Smith, Jeff Goldblum"
The Lost World: Jurassic Park,Jeff Goldblum
Children of Men,Michael Caine
X-Men,"Hugh Jackman, Ian McKellen"
Wanted,Chris Pratt
50 First Dates,Adam Sandler
Inspector Gadget,Matthew Broderick
Now You See Me,"Mark Ruffalo, Michael Caine"
Grown Ups,Adam Sandler
The Terminal,Tom Hanks
Charlie Wilson's War,"Tom Hanks, Emily Blunt"
Shark Tale,"Will Smith, Robert De Niro"
Be Cool,"Dwayne Johnson, Uma Thurman"
The Man from U.N.C.L.E.,Armie Hammer
Spanglish,Adam Sandler
Titan A.E.,Matt Damon
Hollywood Homicide,Harrison Ford
Unbreakable,Samuel L. Jackson
Minions,Michael Keaton
Sphere,Samuel L. Jackson
Fool's Gold,Kevin Hart
Funny People,"Adam Sandler, Jason Schwartzman"
The Kingdom,Jennifer Garner
Jarhead,Jake Gyllenhaal
The Simpsons Movie,Tom Hanks
The Majestic,Matt Damon
The Village,"Joaquin Phoenix, Sigourney Weaver, Adrien Brody"
Signs,Joaquin Phoenix
Shrek 2,"Mike Myers, Cameron Diaz"
Cars,"Tom Hanks, Michael Keaton"
xXx,Samuel L. Jackson
Inglourious Basterds,"Brad Pitt, Samuel L. Jackson, Mike Myers, Christoph Waltz"
Hook,Carrie Fisher
S.W.A.T.,Samuel L. Jackson
Vanilla Sky,Cameron Diaz
Alvin and the Chipmunks: The Squeakquel,Amy Poehler
Big Fish,Ewan McGregor
War Horse,Benedict Cumberbatch
The Monuments Men,"George Clooney, Matt Damon"
Wall Street: Money Never Sleeps,Carey Mulligan
The Siege,Denzel Washington
Stardust,"Robert De Niro, Ian McKellen"
Seven Years in Tibet,Brad Pitt
The Dilemma,"Channing Tatum, Winona Ryder"
Doom,Dwayne Johnson
Hart's War,Sam Worthington
Killer Elite,"Jason Statham, Robert De Niro"
Blackhat,Chris Hemsworth
The Twilight Saga: Eclipse,Robert Pattinson
The Score,"Robert De Niro, Edward Norton, Marlon Brando"
Ted 2,"Mark Wahlberg, Liam Neeson"
The Insider,Al Pacino
Body of Lies,Leonardo DiCaprio
The Last Legion,Ben Kingsley
Saving Private Ryan,"Matt Damon, Tom Hanks"
Need for Speed,Michael Keaton
Lincoln,Joseph Gordon-Levitt
The Matrix,Carrie-Anne Moss
Apollo 13,Tom Hanks
Les Misérables,Hugh Jackman
You've Got Mail,Tom Hanks
Due Date,Robert Downey Jr.
Unbroken,Domhnall Gleeson
Mona Lisa Smile,Kirsten Dunst
The Dictator,Ben Kingsley
Eyes Wide Shut,Nicole Kidman
Annie,Cameron Diaz
Focus,"Will Smith, Margot Robbie"
This Means War,Tom Hardy
Blade: Trinity,Ryan Reynolds
Death Race,Jason Statham
The Long Kiss Goodnight,Samuel L. Jackson
Zathura: A Space Adventure,Josh Hutcherson
Fight Club,"Brad Pitt, Edward Norton"
Oliver Twist,Ben Kingsley
Elektra,Jennifer Garner
Sin City: A Dame to Kill For,Joseph Gordon-Levitt
Random Hearts,Harrison Ford
Everest,"Jake Gyllenhaal, Sam Worthington"
Austin Powers in Goldmember,"Michael Caine, Mike Myers"
Astro Boy,Samuel L. Jackson
Jurassic Park,"Samuel L. Jackson, Jeff Goldblum"
Clear and Present Danger,"Harrison Ford, Willem Dafoe"
Dragon Blade,Adrien Brody
The Love Guru,"Mariska Hargitay, Mike Myers, Ben Kingsley"
The Hateful Eight,"Channing Tatum, Samuel L. Jackson"
Blades of Glory,Amy Poehler
Meet the Fockers,Robert De Niro
The Green Mile,Tom Hanks
The Bourne Identity,Matt Damon
The Prince of Egypt,"Ralph Fiennes, Jeff Goldblum"
2 Guns,"Mark Wahlberg, Denzel Washington"
Cats & Dogs,"Tobey Maguire, Jeff Goldblum"
The Italian Job,"Jason Statham, Mark Wahlberg, Edward Norton"
Days of Thunder,Nicole Kidman
Any Given Sunday,"Al Pacino, Cameron Diaz"
The Horse Whisperer,Scarlett Johansson
Collateral,"Jason Statham, Mark Ruffalo"
The Scorpion King,Dwayne Johnson
Ladder 49,Joaquin Phoenix
Deep Blue Sea,Samuel L. Jackson
Contagion,Matt Damon
The Happening,Mark Wahlberg
Man on Fire,Denzel Washington
The Shaggy Dog,Robert Downey Jr.
Paycheck,Uma Thurman
The Tale of Despereaux,"Emma Watson, Sigourney Weaver, Matthew Broderick"
Joy,"Jennifer Lawrence, Robert De Niro"
Alien: Resurrection,"Winona Ryder, Sigourney Weaver"
Shooter,Mark Wahlberg
The Boxtrolls,Ben Kingsley
Practical Magic,Nicole Kidman
The Lego Movie,"Channing Tatum, Chris Pratt, Liam Neeson"
Reign of Fire,Christian Bale
Gangster Squad,"Ryan Gosling, Emma Stone"
Year One,Michael Cera
Invictus,Matt Damon
State of Play,Rachel McAdams
Planet 51,"Dwayne Johnson, Gary Oldman"
Star Trek: Nemesis,Tom Hardy
Intolerable Cruelty,George Clooney
Analyze That,Robert De Niro
Righteous Kill,"John Cena, Robert De Niro, Al Pacino"
The Soloist,"Robert Downey Jr., Tom Holland"
The Legend of Bagger Vance,"Will Smith, Matt Damon"
xXx: State of the Union,"Willem Dafoe, Samuel L. Jackson"
Sinbad: Legend of the Seven Seas,Brad Pitt
The Black Dahlia,Scarlett Johansson
The Last Castle,Mark Ruffalo
Winter's Tale,Will Smith
Meet Dave,Kevin Hart
The Spirit,"Scarlett Johansson, Samuel L. Jackson"
Mortdecai,"Johnny Depp, Ewan McGregor, Jeff Goldblum"
In the Name of the King: A Dungeon Siege Tale,Jason Statham
The Great Raid,Sam Worthington
Deadpool,"Ryan Reynolds, Morena Baccarin"
Holy Man,Jeff Goldblum
Just Like Heaven,Mark Ruffalo
Leatherheads,George Clooney
The Ridiculous 6,Adam Sandler
The Devil's Advocate,Al Pacino
That's My Boy,Adam Sandler
Captain Corelli's Mandolin,Christian Bale
Walking Tall,Dwayne Johnson
Forrest Gump,Tom Hanks
Meet the Parents,Robert De Niro
Pocahontas,Christian Bale
Superman,Marlon Brando
Hitch,Will Smith
Captain Phillips,Tom Hanks
Date Night,"Mark Wahlberg, Mark Ruffalo"
The Equalizer,Denzel Washington
Maid in Manhattan,Ralph Fiennes
Crimson Tide,"Denzel Washington, Viggo Mortensen"
The Pursuit of Happyness,Will Smith
Kill Bill: Vol. 1,Uma Thurman
Bowfinger,Robert Downey Jr.
Kill Bill: Vol. 2,"Samuel L. Jackson, Uma Thurman"
Death Becomes Her,Meryl Streep
Free Birds,Amy Poehler
Alien³,Sigourney Weaver
Ronin,Robert De Niro
Paddington,"Nicole Kidman, Will Smith"
Stuck on You,"Matt Damon, Meryl Streep"
The Fan,Robert De Niro
Elizabeth: The Golden Age,Tom Holland
Muppets Most Wanted,"Tom Holland, Christoph Waltz"
Thunderbirds,Ben Kingsley
Seven Pounds,Will Smith
The Godfather: Part III,Al Pacino
Elizabethtown,Kirsten Dunst
Gigli,Al Pacino
All the King's Men,Mark Ruffalo
Shaft,"Christian Bale, Samuel L. Jackson"
Anastasia,Kirsten Dunst
Moulin Rouge!,"Nicole Kidman, Ewan McGregor"
Black Mass,"Benedict Cumberbatch, Johnny Depp"
Lucky You,Robert Downey Jr.
Catch Me If You Can,"Leonardo DiCaprio, Tom Hanks, Jennifer Garner"
Zero Dark Thirty,Chris Pratt
Mamma Mia!,Meryl Streep
Valentine's Day,Jennifer Garner
The Thin Red Line,"George Clooney, Adrien Brody"
The Change-Up,Ryan Reynolds
Casino,Robert De Niro
Deck the Halls,Matthew Broderick
The Twilight Saga: New Moon,Robert Pattinson
Shrek,"Mike Myers, Cameron Diaz"
The Adjustment Bureau,"Matt Damon, Emily Blunt"
Ted,"Ryan Reynolds, Mark Wahlberg"
Anchorman 2: The Legend Continues,"Will Smith, Harrison Ford, Kirsten Dunst, Liam Neeson, Amy Poehler"
Mr. Deeds,"Adam Sandler, Winona Ryder"
22 Jump Street,Channing Tatum
Interview with the Vampire,"Brad Pitt, Kirsten Dunst"
Central Intelligence,"Dwayne Johnson, Kevin Hart"
Daddy's Home,"Mark Wahlberg, John Cena"
Into the Woods,"Meryl Streep, Emily Blunt, Johnny Depp"
Inside Man,"Denzel Washington, Willem Dafoe"
We Bought a Zoo,"Matt Damon, Scarlett Johansson"
Knowing,Liam Hemsworth
"Crazy, Stupid, Love.","Ryan Gosling, Emma Stone"
Moneyball,"Brad Pitt, Chris Pratt"
Non-Stop,"Liam Neeson, Lupita Nyong'o"
Race to Witch Mountain,Dwayne Johnson
V for Vendetta,Natalie Portman
Herbie Fully Loaded,Michael Keaton
Syriana,"George Clooney, Matt Damon"
The Book of Life,Channing Tatum
Firewall,Harrison Ford
G.I. Jane,Viggo Mortensen
The Negotiator,Samuel L. Jackson
The Judge,Robert Downey Jr.
The Peacemaker,"George Clooney, Nicole Kidman"
Out of Time,Denzel Washington
On Deadly Ground,Michael Caine
The Beach,Leonardo DiCaprio
Marmaduke,Emma Stone
Hereafter,Matt Damon
Murder by Numbers,Ryan Gosling
Basic,Samuel L. Jackson
The Life Aquatic with Steve Zissou,"Willem Dafoe, Jeff Goldblum"
Run All Night,"John Cena, Liam Neeson"
Eastern Promises,Viggo Mortensen
Your Highness,Natalie Portman
The Scarlet Letter,Gary Oldman
Death to Smoochy,Edward Norton
Zoolander 2,Benedict Cumberbatch
What Planet Are You From?,Ben Kingsley
The One,Jason Statham
Indiana Jones and the Last Crusade,Harrison Ford
Anna Karenina,Domhnall Gleeson
Chappie,"Hugh Jackman, Sigourney Weaver"
The Bone Collector,Denzel Washington
Panic Room,Nicole Kidman
Three Kings,"George Clooney, Mark Wahlberg"
Child 44,"Tom Hardy, Gary Oldman"
Kate & Leopold,Hugh Jackman
3:10 to Yuma,Christian Bale
Taken 3,Liam Neeson
Out of Sight,"George Clooney, Samuel L. Jackson, Michael Keaton"
The Cable Guy,Matthew Broderick
Dick Tracy,Al Pacino
Happily N'Ever After,Sigourney Weaver
My Best Friend's Wedding,Cameron Diaz
Insomnia,Al Pacino
Courage Under Fire,"Matt Damon, Denzel Washington"
Taken 2,Liam Neeson
Scary Movie 3,Kevin Hart
Miss Congeniality,Michael Caine
Journey to the Center of the Earth,Josh Hutcherson
The Pelican Brief,Denzel Washington
Patriot Games,"Harrison Ford, Samuel L. Jackson"
Prisoners,"Hugh Jackman, Jake Gyllenhaal"
Training Day,Denzel Washington
Galaxy Quest,Sigourney Weaver
The Muppets,Emily Blunt
Coach Carter,"Channing Tatum, Samuel L. Jackson"
Changing Lanes,Samuel L. Jackson
Love Actually,Liam Neeson
From Hell,Johnny Depp
Kicking & Screaming,Josh Hutcherson
Blended,Adam Sandler
The River Wild,Meryl Streep
Cellular,"Jason Statham, Chris Evans"
The Ant Bully,Meryl Streep
Revolutionary Road,Leonardo DiCaprio
Multiplicity,Michael Keaton
The Producers,"Uma Thurman, Matthew Broderick"
All the Pretty Horses,Matt Damon
The Ghost Writer,Ewan McGregor
Miracle at St. Anna,Joseph Gordon-Levitt
The Fugitive,Harrison Ford
Sleepers,"Brad Pitt, Robert De Niro"
The Juror,Joseph Gordon-Levitt
Heaven's Gate,Willem Dafoe
Victor Frankenstein,Daniel Radcliffe
Finding Forrester,Matt Damon
28 Days,Viggo Mortensen
The Sweetest Thing,Cameron Diaz
The Mechanic,Jason Statham
21 Jump Street,"Channing Tatum, Johnny Depp"
Along Came Polly,Kevin Hart
Brüno,Harrison Ford
Red Riding Hood,Gary Oldman
15 Minutes,Robert De Niro
The Interview,"Emma Stone, Joseph Gordon-Levitt"
A Knight's Tale,Heath Ledger
Man on a Ledge,Sam Worthington
American Hustle,"Christian Bale, Jennifer Lawrence, Robert De Niro"
The Proposal,Ryan Reynolds
Back to the Future Part II,Elijah Wood
Lucy,Scarlett Johansson
Spy Kids 3-D: Game Over,"George Clooney, Elijah Wood"
A Time to Kill,Samuel L. Jackson
Lone Survivor,Mark Wahlberg
A League of Their Own,Tom Hanks
The Social Network,"Andrew Garfield, Armie Hammer"
He's Just Not That Into You,Scarlett Johansson
Scary Movie 4,Kevin Hart
Scream 3,Carrie Fisher
Get Hard,Kevin Hart
Dracula,"Winona Ryder, Gary Oldman"
Julie & Julia,Meryl Streep
42,Harrison Ford
The Talented Mr. Ripley,Matt Damon
The Intern,Robert De Niro
Ride Along 2,Kevin Hart
Sin City,Elijah Wood
Vantage Point,Sigourney Weaver
JFK,Gary Oldman
The Mexican,Brad Pitt
The Other Woman,Cameron Diaz
Bridge of Spies,Tom Hanks
Small Soldiers,Kirsten Dunst
Unknown,Liam Neeson
The Prestige,"Hugh Jackman, Scarlett Johansson, Christian Bale, Michael Caine"
Horrible Bosses 2,Christoph Waltz
Predators,Adrien Brody
Secret Window,Johnny Depp
The Odd Life of Timothy Green,Jennifer Garner
The Rainmaker,Matt Damon
Gothika,Robert Downey Jr.
Autumn in New York,Winona Ryder
Paul,Sigourney Weaver
8MM,Joaquin Phoenix
Sex Tape,Cameron Diaz
A Million Ways to Die in the West,"Ryan Reynolds, Liam Neeson, Ewan McGregor"
The Shadow,Ian McKellen
Extremely Loud & Incredibly Close,Tom Hanks
Morning Glory,"Harrison Ford, Rachel McAdams, Jeff Goldblum"
The Island of Dr. Moreau,Marlon Brando
The Other Boleyn Girl,"Scarlett Johansson, Natalie Portman, Andrew Garfield, Benedict Cumberbatch"
Mean Streets,Robert De Niro
Renaissance Man,Mark Wahlberg
Quest for Camelot,Gary Oldman
City By The Sea,Robert De Niro
City Hall,Al Pacino
Marie Antoinette,"Kirsten Dunst, Tom Hardy, Jason Schwartzman"
Kiss of Death,Samuel L. Jackson
Get Carter,Michael Caine
The Impossible,"Tom Holland, Ewan McGregor"
Fantastic Mr. Fox,"George Clooney, Meryl Streep, Willem Dafoe, Adrien Brody, Jason Schwartzman"
Cirque du Freak: The Vampire's Assistant,"Willem Dafoe, Josh Hutcherson"
Soul Men,Samuel L. Jackson
Sunshine,Chris Evans
Stormbreaker,Ewan McGregor
Disturbia,Carrie-Anne Moss
Snowpiercer,Chris Evans
The Last Shot,Matthew Broderick
The Time Traveler's Wife,Rachel McAdams
Frankenweenie,Winona Ryder
Serenity,Morena Baccarin
Grudge Match,"Kevin Hart, Robert De Niro"
Water for Elephants,"Robert Pattinson, Christoph Waltz"
Dragon Nest: Warriors' Dawn,Carrie-Anne Moss
The Hurricane,Denzel Washington
Heartbreakers,"Carrie Fisher, Sigourney Weaver"
The Ninth Gate,Johnny Depp
Rock Star,Mark Wahlberg
Riddick,Dave Bautista
The Master,Joaquin Phoenix
What to Expect When You're Expecting,Cameron Diaz
Burn After Reading,"Brad Pitt, George Clooney"
Rush,Chris Hemsworth
Twilight,Robert Pattinson
John Q,Denzel Washington
Aloha,"Rachel McAdams, Emma Stone"
Gattaca,Uma Thurman
Austin Powers: The Spy Who Shagged Me,Mike Myers
Batman,Michael Keaton
Spy Kids,George Clooney
True Grit,"Matt Damon, Domhnall Gleeson"
The Devil Wears Prada,"Meryl Streep, Emily Blunt"
Cape Fear,Robert De Niro
Trainwreck,"John Cena, Daniel Radcliffe, Matthew Broderick"
The English Patient,"Willem Dafoe, Ralph Fiennes"
Species,Ben Kingsley
A Nightmare on Elm Street,Johnny Depp
The Man in the Iron Mask,Leonardo DiCaprio
TMNT,Chris Evans
Friends with Benefits,Emma Stone
Saving Mr. Banks,"Tom Hanks, Jason Schwartzman"
Malcolm X,Denzel Washington
Donnie Brasco,"Al Pacino, Johnny Depp"
The Ladykillers,Tom Hanks
Max Payne,Mark Wahlberg
The Pianist,Adrien Brody
Closer,Natalie Portman
J. Edgar,"Leonardo DiCaprio, Armie Hammer"
Jersey Girl,"Will Smith, Matt Damon"
Heist,"Robert De Niro, Dave Bautista"
Nanny McPhee and the Big Bang,"Ralph Fiennes, Ewan McGregor"
Concussion,Will Smith
Abduction,Sigourney Weaver
Valiant,Ewan McGregor
Wonder Boys,"Robert Downey Jr., Tobey Maguire"
Superhero Movie,Kevin Hart
Broken City,Mark Wahlberg
Premium Rush,Joseph Gordon-Levitt
The Four Feathers,Heath Ledger
Parker,Jason Statham
Wimbledon,Kirsten Dunst
Krull,Liam Neeson
Lions for Lambs,"Meryl Streep, Andrew Garfield"
Flight of the Intruder,Willem Dafoe
Walk Hard: The Dewey Cox Story,Jason Schwartzman
The Young Victoria,Emily Blunt
The Tree of Life,Brad Pitt
Sabotage,Sam Worthington
The Order,Heath Ledger
The Walk,"Joseph Gordon-Levitt, Ben Kingsley"
A Good Year,Tom Holland
Radio Flyer,"Tom Hanks, Elijah Wood"
Ride with the Devil,"Mark Ruffalo, Tobey Maguire"
The Age of Innocence,Winona Ryder
The Fountain,Hugh Jackman
Ponyo,"Matt Damon, Liam Neeson"
The Astronaut's Wife,Johnny Depp
Playing for Keeps,Uma Thurman
Snakes on a Plane,Samuel L. Jackson
Safe,Jason Statham
Return of the Jedi,"Carrie Fisher, Harrison Ford, Mark Hamill"
The Reader,Ralph Fiennes
This Is the End,"Kevin Hart, Channing Tatum, Emma Watson, Michael Cera"
Men of Honor,Robert De Niro
The Big Wedding,Robert De Niro
Source Code,Jake Gyllenhaal
A History of Violence,Viggo Mortensen
Transporter 2,Jason Statham
The Quick and the Dead,Leonardo DiCaprio
The Good German,"George Clooney, Tobey Maguire"
Apocalypse Now,"Harrison Ford, Marlon Brando"
Criminal,"Ryan Reynolds, Gary Oldman"
Out of Africa,Meryl Streep
Flight,Denzel Washington
The Grand Budapest Hotel,"Willem Dafoe, Ralph Fiennes, Edward Norton, Jeff Goldblum, Adrien Brody, Jason Schwartzman"
Frequency,Michael Cera
Vacation,Chris Hemsworth
Big Daddy,Adam Sandler
Toy Story,Tom Hanks
The Vow,"Channing Tatum, Rachel McAdams"
Extraordinary Measures,Harrison Ford
Remember the Titans,"Denzel Washington, Ryan Gosling"
Se7en,Brad Pitt
The SpongeBob SquarePants Movie,Scarlett Johansson
Analyze This,Robert De Niro
The Notebook,"Ryan Gosling, Rachel McAdams"
Legends of the Fall,Brad Pitt
Up in the Air,George Clooney
Warm Bodies,Nicholas Hoult
Looper,"Joseph Gordon-Levitt, Emily Blunt"
Hope Springs,Meryl Streep
Four Brothers,Mark Wahlberg
Baby Mama,"Sigourney Weaver, Amy Poehler"
Bride Wars,Chris Pratt
13 Going on 30,"Mark Ruffalo, Jennifer Garner"
Midnight in Paris,"Rachel McAdams, Adrien Brody"
The Nut Job,Liam Neeson
Blow,Johnny Depp
The Curse of the Were-Rabbit,Ralph Fiennes
Atonement,Benedict Cumberbatch
Corpse Bride,Johnny Depp
Sicario,Emily Blunt
Southpaw,"Jake Gyllenhaal, Rachel McAdams"
The Age of Adaline,Harrison Ford
Secondhand Lions,Michael Caine
The Cabin in the Woods,"Chris Hemsworth, Sigourney Weaver"
Midnight Run,Robert De Niro
Hanna,Tom Holland
Larry Crowne,Tom Hanks
Gridiron Gang,Dwayne Johnson
9,Elijah Wood
Side Effects,Channing Tatum
One True Thing,Meryl Streep
Virtuosity,Denzel Washington
My Super Ex-Girlfriend,Uma Thurman
Deliver Us from Evil,John Cena
The Five-Year Engagement,"Kevin Hart, Chris Pratt, Emily Blunt"
The Next Three Days,Liam Neeson
Eight Legged Freaks,Scarlett Johansson
Love & Other Drugs,Jake Gyllenhaal
88 Minutes,Al Pacino
Splice,Adrien Brody
Pride and Glory,Edward Norton
The New World,Christian Bale
In Dreams,Robert Downey Jr.
Godsend,Robert De Niro
Hoodwinked Too! Hood VS. Evil,Amy Poehler
The Imaginarium of Doctor Parnassus,"Heath Ledger, Andrew Garfield, Johnny Depp"
Glory,"Denzel Washington, Matthew Broderick"
Once Upon a Time in America,Robert De Niro
Dead Man Down,John Cena
The Merchant of Venice,Al Pacino
The Good Thief,Ralph Fiennes
Supercross,Channing Tatum
Miss Potter,Ewan McGregor
The Assassination of Jesse James by the Coward Robert Ford,Brad Pitt
Wild Card,Jason Statham
Grace of Monaco,Nicole Kidman
Sausage Party,"Michael Cera, Edward Norton"
Walk the Line,Joaquin Phoenix
Keeping the Faith,Edward Norton
Confessions of a Dangerous Mind,"Brad Pitt, George Clooney, Matt Damon, Michael Cera"
Cry Freedom,Denzel Washington
The Jacket,Adrien Brody
Indiana Jones and the Temple of Doom,Harrison Ford
Florence Foster Jenkins,Meryl Streep
Once Upon a Time in Mexico,"Willem Dafoe, Johnny Depp"
The Big Short,"Brad Pitt, Margot Robbie, Christian Bale, Ryan Gosling"
Last Vegas,Robert De Niro
Zoolander,"Natalie Portman, Winona Ryder"
"Alexander and the Terrible, Horrible, No Good, Very Bad Day",Jennifer Garner
Pride & Prejudice,"Tom Holland, Carey Mulligan"
Blade Runner,Harrison Ford
Rob Roy,Liam Neeson
We Own the Night,"Mark Wahlberg, Joaquin Phoenix"
Lost Souls,Winona Ryder
"Mystery, Alaska",Mike Myers
Ghosts of Mars,Jason Statham
How to Lose Friends & Alienate People,Kirsten Dunst
Alatriste,Viggo Mortensen
My Sister's Keeper,Cameron Diaz
Rendition,"Jake Gyllenhaal, Meryl Streep"
The Blues Brothers,Carrie Fisher
About a Boy,Nicholas Hoult
Lake Placid,Mariska Hargitay
Lucky Number Slevin,Ben Kingsley
The Right Stuff,Jeff Goldblum
The Duchess,Ralph Fiennes
Suspect Zero,"Ben Kingsley, Carrie-Anne Moss"
Money Monster,George Clooney
The 51st State,Samuel L. Jackson
Flawless,Robert De Niro
What Just Happened,Robert De Niro
The Statement,Michael Caine
The 40 Year Old Virgin,Kevin Hart
A Walk Among the Tombstones,Liam Neeson
A Bridge Too Far,Michael Caine
Red Eye,Rachel McAdams
"O Brother, Where Art Thou?",George Clooney
Pain & Gain,"Dwayne Johnson, Mark Wahlberg"
In Good Company,Scarlett Johansson
Silverado,Jeff Goldblum
Brothers,"Jake Gyllenhaal, Natalie Portman, Tobey Maguire, Carey Mulligan"
New Year's Eve,Robert De Niro
Blood and Wine,Michael Caine
Snow White: A Tale of Terror,Sigourney Weaver
Accidental Love,Jake Gyllenhaal
Flipper,Elijah Wood
Self/less,"Ryan Reynolds, Ben Kingsley"
The Constant Gardener,Ralph Fiennes
Taken,Liam Neeson
Schindler's List,"Ralph Fiennes, Liam Neeson, Ben Kingsley"
The Help,Emma Stone
The Fifth Estate,Benedict Cumberbatch
The Untouchables,Robert De Niro
Ride Along,Kevin Hart
Chocolat,"Johnny Depp, Carrie-Anne Moss"
No Strings Attached,Natalie Portman
Bridge to Terabithia,Josh Hutcherson
Finding Neverland,Johnny Depp
The Grey,Liam Neeson
Hide and Seek,Robert De Niro
GoodFellas,"Robert De Niro, Samuel L. Jackson"
Scarface,Al Pacino
Contraband,Mark Wahlberg
The House Bunny,Emma Stone
The Giver,Meryl Streep
The Hours,"Nicole Kidman, Meryl Streep"
She's the Man,Channing Tatum
Mr. Bean's Holiday,Willem Dafoe
The Gambler,Mark Wahlberg
August: Osage County,"Meryl Streep, Benedict Cumberbatch, Ewan McGregor"
Eddie the Eagle,Hugh Jackman
He Got Game,Denzel Washington
Don Juan DeMarco,"Johnny Depp, Marlon Brando"
Dear John,Channing Tatum
The Losers,Chris Evans
War,Jason Statham
Punch-Drunk Love,Adam Sandler
EuroTrip,Matt Damon
The Box,Cameron Diaz
Legend,Tom Hardy
Draft Day,Jennifer Garner
Lords of Dogtown,Heath Ledger
Warrior,Tom Hardy
Michael Collins,Liam Neeson
Stop-Loss,"Channing Tatum, Joseph Gordon-Levitt"
The Road,Viggo Mortensen
Blindness,Mark Ruffalo
BloodRayne,Ben Kingsley
Carnage,Christoph Waltz
The Counselor,"Brad Pitt, Cameron Diaz"
Dangerous Liaisons,Uma Thurman
On the Road,"Kirsten Dunst, Viggo Mortensen"
Jane Got a Gun,"Natalie Portman, Ewan McGregor"
Think Like a Man Too,Kevin Hart
The Men Who Stare at Goats,"George Clooney, Ewan McGregor"
"Girl, Interrupted",Winona Ryder
Ready to Rumble,John Cena
The Thief and the Cobbler,Matthew Broderick
The Bridge of San Luis Rey,Robert De Niro
Faster,Dwayne Johnson
Zombieland,Emma Stone
The Waterboy,Adam Sandler
The Empire Strikes Back,"Carrie Fisher, Harrison Ford, Mark Hamill"
Bad Boys,Will Smith
The Ides of March,"George Clooney, Ryan Gosling"
Someone Like You...,Hugh Jackman
Her,"Scarlett Johansson, Joaquin Phoenix, Chris Pratt"
Anywhere But Here,Natalie Portman
The Crew,Carrie-Anne Moss
Haywire,"Channing Tatum, Ewan McGregor"
Jaws: The Revenge,Michael Caine
Marvin's Room,"Leonardo DiCaprio, Meryl Streep, Robert De Niro"
The End of the Affair,Ralph Fiennes
Vanity Fair,Robert Pattinson
1408,Samuel L. Jackson
There's Something About Mary,Cameron Diaz
The Game Plan,Dwayne Johnson
The Bridges of Madison County,Meryl Streep
The Animal,Adam Sandler
Gandhi,Ben Kingsley
The Informant!,Matt Damon
Delivery Man,Chris Pratt
Our Kind of Traitor,Ewan McGregor
Summer of Sam,Adrien Brody
Jay and Silent Bob Strike Back,"Matt Damon, Carrie Fisher, Mark Hamill"
"Hail, Caesar!","George Clooney, Channing Tatum, Scarlett Johansson, Ralph Fiennes"
Homefront,"Jason Statham, Winona Ryder"
I Heart Huckabees,"Mark Wahlberg, Jason Schwartzman"
The Libertine,"Tom Holland, Johnny Depp"
Before I Go to Sleep,Nicole Kidman
Stone,"Robert De Niro, Edward Norton"
Out of the Furnace,"Christian Bale, Willem Dafoe"
Michael Clayton,George Clooney
"South Park: Bigger, Longer & Uncut","George Clooney, Winona Ryder"
Silver Linings Playbook,"Jennifer Lawrence, Robert De Niro"
The Transporter,Jason Statham
Moonlight Mile,Jake Gyllenhaal
Tinker Tailor Soldier Spy,"Benedict Cumberbatch, Tom Hardy, Gary Oldman"
The Beaver,Jennifer Lawrence
eXistenZ,Willem Dafoe
Raiders of the Lost Ark,Harrison Ford
Wayne's World,Mike Myers
The Descendants,George Clooney
Holes,Sigourney Weaver
The Last Song,Liam Hemsworth
12 Years a Slave,"Brad Pitt, Benedict Cumberbatch, Lupita Nyong'o"
Edward Scissorhands,"Winona Ryder, Johnny Depp"
Spotlight,"Mark Ruffalo, Rachel McAdams, Michael Keaton"
Lakeview Terrace,Samuel L. Jackson
Man of the Year,"Jeff Goldblum, Amy Poehler"
The American,George Clooney
Babel,Brad Pitt
Doubt,Meryl Streep
Team America: World Police,"George Clooney, Matt Damon"
Copycat,Sigourney Weaver
The Debt,Sam Worthington
The Bank Job,Jason Statham
Eternal Sunshine of the Spotless Mind,"Mark Ruffalo, Kirsten Dunst, Elijah Wood"
You Again,Sigourney Weaver
Street Kings,Chris Evans
Daybreakers,Willem Dafoe
To Die For,"Nicole Kidman, Joaquin Phoenix"
Appaloosa,Viggo Mortensen
Under the Rainbow,Carrie Fisher
Ladyhawke,Matthew Broderick
Reign Over Me,Adam Sandler
Silent Hill: Revelation 3D,Carrie-Anne Moss
From Dusk Till Dawn,George Clooney
Home for the Holidays,Robert Downey Jr.
Paparazzi,Tom Holland
Secret in Their Eyes,Nicole Kidman
What's Your Number?,"Chris Evans, Chris Pratt"
Envy,Amy Poehler
Crank: High Voltage,Jason Statham
The Quiet American,Michael Caine
The Weather Man,"Nicholas Hoult, Michael Caine"
12 Rounds,John Cena
Be Kind Rewind,Sigourney Weaver
Deconstructing Harry,"Tobey Maguire, Jennifer Garner"
Burnt,Uma Thurman
We're No Angels,Robert De Niro
Everyone Says I Love You,"Natalie Portman, Edward Norton"
Everybody's Fine,Robert De Niro
The Man,Samuel L. Jackson
Inherent Vice,Joaquin Phoenix
Doogal,Ian McKellen
A Dangerous Method,Viggo Mortensen
A Scanner Darkly,"Robert Downey Jr., Winona Ryder"
Birth,Nicole Kidman
I'm Not There.,"Christian Bale, Heath Ledger"
The Cold Light of Day,Sigourney Weaver
The Brothers Bloom,"Mark Ruffalo, Adrien Brody"
Equilibrium,Christian Bale
The Yards,"Mark Wahlberg, Joaquin Phoenix"
By the Sea,Brad Pitt
All Good Things,"Kirsten Dunst, Ryan Gosling"
People I Know,Al Pacino
Regression,Emma Watson
Zambezia,"Samuel L. Jackson, Jeff Goldblum"
Hands of Stone,Robert De Niro
The Painted Veil,Edward Norton
Bad Teacher,Cameron Diaz
Sea of Love,"Al Pacino, Samuel L. Jackson"
The Switch,Jeff Goldblum
The Bounty,Liam Neeson
Take Me Home Tonight,Chris Pratt
The Amityville Horror,Ryan Reynolds
Adaptation.,Meryl Streep
Fear and Loathing in Las Vegas,"Tobey Maguire, Johnny Depp, Cameron Diaz"
The Invention of Lying,"Edward Norton, Jennifer Garner"
The Mask,Cameron Diaz
Big,Tom Hanks
Deuce Bigalow: Male Gigolo,Amy Poehler
The Family Stone,Rachel McAdams
Austin Powers: International Man of Mystery,"Carrie Fisher, Mike Myers"
Mean Girls,"Rachel McAdams, Amy Poehler"
Gosford Park,Tom Holland
Birdman,"Emma Stone, Edward Norton, Michael Keaton"
Raging Bull,Robert De Niro
Youth in Revolt,Michael Cera
The Tailor of Panama,Daniel Radcliffe
The Ice Storm,"Elijah Wood, Tobey Maguire, Sigourney Weaver"
Ed Wood,Johnny Depp
Labor Day,Tobey Maguire
RockNRolla,Tom Hardy
Midnight Special,Kirsten Dunst
The Railway Man,Nicole Kidman
The Informers,Winona Ryder
Red Lights,"Robert De Niro, Sigourney Weaver"
Superbad,"Emma Stone, Michael Cera"
Step Up 2: The Streets,Channing Tatum
Hotel Rwanda,Joaquin Phoenix
The Others,Nicole Kidman
Aliens,Sigourney Weaver
Good Boy!,Matthew Broderick
Smokin' Aces,Ryan Reynolds
American Dreamz,Willem Dafoe
The Illusionist,Edward Norton
Escobar: Paradise Lost,Josh Hutcherson
Southland Tales,"Dwayne Johnson, Amy Poehler"
Fur: An Imaginary Portrait of Diane Arbus,"Nicole Kidman, Robert Downey Jr."
House of Sand and Fog,Ben Kingsley
When Harry Met Sally...,Carrie Fisher
The Unborn,Gary Oldman
Moonrise Kingdom,"Edward Norton, Jason Schwartzman"
The Women,Carrie Fisher
Vicky Cristina Barcelona,Scarlett Johansson
Jennifer's Body,Chris Pratt
Remember Me,Robert Pattinson
Philadelphia,"Denzel Washington, Tom Hanks"
The Immigrant,Joaquin Phoenix
The White Countess,Ralph Fiennes
Soul Plane,Kevin Hart
Good,Viggo Mortensen
Vamps,Sigourney Weaver
The Homesman,Meryl Streep
The Imitation Game,Benedict Cumberbatch
Beetlejuice,"Winona Ryder, Michael Keaton"
Little Women,"Christian Bale, Kirsten Dunst, Winona Ryder"
The Woman in Black,"Daniel Radcliffe, Tom Hardy"
The Deer Hunter,"Meryl Streep, Robert De Niro"
Wag the Dog,"Kirsten Dunst, Robert De Niro"
Snitch,Dwayne Johnson
The Faculty,Elijah Wood
Cop Land,Robert De Niro
Not Another Teen Movie,Chris Evans
End of Watch,Jake Gyllenhaal
Where the Heart Is,Natalie Portman
The Great Debaters,Denzel Washington
Drive,"Ryan Gosling, Carey Mulligan"
Match Point,Scarlett Johansson
Boogie Nights,Mark Wahlberg
Flicka,Armie Hammer
Tuck Everlasting,Ben Kingsley
The Marine,John Cena
The Place Beyond the Pines,Ryan Gosling
Eye of the Beholder,Ewan McGregor
The Hurt Locker,Ralph Fiennes
Killing Them Softly,Brad Pitt
A Most Wanted Man,"Rachel McAdams, Willem Dafoe"
New York Stories,Kirsten Dunst
The Man with the Iron Fists,Dave Bautista
Brazil,Robert De Niro
Black Snake Moan,Samuel L. Jackson
In Bruges,Ralph Fiennes
The Rocker,Emma Stone
Post Grad,Michael Keaton
Promised Land,Matt Damon
Kiss Kiss Bang Bang,Robert Downey Jr.
Never Let Me Go,"Andrew Garfield, Domhnall Gleeson, Carey Mulligan"
The Company,Michael Keaton
Transsiberian,Ben Kingsley
Buffalo Soldiers,Joaquin Phoenix
The Son of No One,"Channing Tatum, Al Pacino"
Khumba,Liam Neeson
Magic Mike XXL,Channing Tatum
Romeo + Juliet,Leonardo DiCaprio
Manderlay,Willem Dafoe
Born on the Fourth of July,Willem Dafoe
The Iron Lady,Meryl Streep
A Perfect Getaway,Chris Hemsworth
"New York, New York",Robert De Niro
Bobby,Elijah Wood
A Walk on the Moon,Viggo Mortensen
The Lucky Ones,Rachel McAdams
Margaret,"Matt Damon, Mark Ruffalo, Matthew Broderick"
Brokeback Mountain,"Jake Gyllenhaal, Heath Ledger"
Quills,"Joaquin Phoenix, Michael Caine"
The Caveman's Valentine,Samuel L. Jackson
Under the Skin,Scarlett Johansson
Black Swan,"Natalie Portman, Winona Ryder"
The Godfather: Part II,"Robert De Niro, Al Pacino"
Miracles from Heaven,Jennifer Garner
"Dude, Where’s My Car?",Jennifer Garner
About Last Night,Kevin Hart
10 Things I Hate About You,"Heath Ledger, Joseph Gordon-Levitt"
National Lampoon's Loaded Weapon 1,Samuel L. Jackson
The Big Hit,Mark Wahlberg
Ex Machina,Domhnall Gleeson
Being John Malkovich,"Brad Pitt, Winona Ryder, Cameron Diaz"
Crazy/Beautiful,Kirsten Dunst
Dirty Work,Adam Sandler
Dick,"Ryan Reynolds, Kirsten Dunst"
54,"Mark Ruffalo, Mike Myers"
Bubble Boy,Jake Gyllenhaal
Birthday Girl,Nicole Kidman
"Paris, je t'aime","Natalie Portman, Willem Dafoe, Elijah Wood"
Resurrecting the Champ,Samuel L. Jackson
Chloe,Liam Neeson
The Perks of Being a Wallflower,Emma Watson
Infamous,Sigourney Weaver
Operation Chromite,Liam Neeson
I Love You Phillip Morris,Ewan McGregor
Antwone Fisher,Denzel Washington
True Romance,"Brad Pitt, John Cena, Samuel L. Jackson, Gary Oldman"
Glengarry Glen Ross,Al Pacino
Sorority Row,Carrie Fisher
Lars and the Real Girl,Ryan Gosling
Oscar and Lucinda,Ralph Fiennes
Machete,Robert De Niro
Think Like a Man,Kevin Hart
WarGames,Matthew Broderick
Witness,"Harrison Ford, Viggo Mortensen"
Step Up,Channing Tatum
Jackie Brown,"Robert De Niro, Samuel L. Jackson, Michael Keaton"
The Muppet Christmas Carol,Michael Caine
Frida,Edward Norton
The Fault in Our Stars,Willem Dafoe
Rounders,"Matt Damon, Edward Norton"
Top Five,"Kevin Hart, Jerry Seinfeld, Adam Sandler"
Crank,Jason Statham
Girl with a Pearl Earring,Scarlett Johansson
About Time,"Margot Robbie, Rachel McAdams, Tom Holland, Domhnall Gleeson"
Cadillac Records,Adrien Brody
Celebrity,"Leonardo DiCaprio, Winona Ryder"
In the Cut,Mark Ruffalo
Two Lovers,Joaquin Phoenix
Last Orders,Michael Caine
Charlie Bartlett,Robert Downey Jr.
Stoker,Nicole Kidman
Married Life,Rachel McAdams
Welcome to Collinwood,George Clooney
The Life Before Her Eyes,Uma Thurman
Triangle,Liam Hemsworth
Snatch,"Brad Pitt, Jason Statham"
Star Wars,"Carrie Fisher, Harrison Ford, Mark Hamill"
Dirty Grandpa,Robert De Niro
The Fighter,"Mark Wahlberg, Christian Bale"
Brooklyn,Domhnall Gleeson
Woman in Gold,Ryan Reynolds
Kinsey,Liam Neeson
Slackers,"Jason Schwartzman, Cameron Diaz"
What's Eating Gilbert Grape,"Leonardo DiCaprio, Johnny Depp"
Inside Llewyn Davis,Carey Mulligan
Good Will Hunting,Matt Damon
Misconduct,Al Pacino
Bring It On,Kirsten Dunst
White Noise,Michael Keaton
Happy Gilmore,Adam Sandler
Nick and Norah's Infinite Playlist,Michael Cera
Dogma,Matt Damon
A Prairie Home Companion,Meryl Streep
Rushmore,Jason Schwartzman
Mo' Better Blues,"Denzel Washington, Samuel L. Jackson"
The Corruptor,Mark Wahlberg
Reno 911!: Miami,Dwayne Johnson
My Week with Marilyn,Emma Watson
Get Over It,Kirsten Dunst
Drop Dead Gorgeous,Kirsten Dunst
Big Eyes,"Jason Schwartzman, Christoph Waltz"
Very Bad Things,Cameron Diaz
Movie 43,"Hugh Jackman, Emma Stone, Chris Pratt, Uma Thurman"
Cedar Rapids,Sigourney Weaver
American History X,Edward Norton
The Red Violin,Samuel L. Jackson
Rescue Dawn,Christian Bale
Danny Collins,"Al Pacino, Jennifer Garner"
Romeo Is Bleeding,Gary Oldman
Spider,Ralph Fiennes
Gun Shy,Liam Neeson
The Iceman,"Chris Evans, Winona Ryder"
My Blueberry Nights,Natalie Portman
"War, Inc.",Ben Kingsley
Coriolanus,Ralph Fiennes
Imaginary Heroes,Sigourney Weaver
Motherhood,Uma Thurman
Strangerland,Nicole Kidman
The Oxford Murders,Elijah Wood
Fifty Dead Men Walking,Ben Kingsley
Adam Resurrected,"Willem Dafoe, Jeff Goldblum"
Adventureland,Ryan Reynolds
American Heist,Adrien Brody
Richard III,"Robert Downey Jr., Ian McKellen"
Melancholia,Kirsten Dunst
Alien,Sigourney Weaver
Detention,Josh Hutcherson
Harold & Kumar Go to White Castle,Ryan Reynolds
The Contender,Gary Oldman
Henry V,Christian Bale
Igby Goes Down,Jeff Goldblum
Velvet Goldmine,"Christian Bale, Ewan McGregor"
Undiscovered,Carrie Fisher
Red Riding: In the Year of Our Lord 1974,Andrew Garfield
Election,Matthew Broderick
Pulp Fiction,"Samuel L. Jackson, Uma Thurman"
Nightcrawler,Jake Gyllenhaal
Splash,Tom Hanks
50/50,Joseph Gordon-Levitt
Much Ado About Nothing,"Denzel Washington, Michael Keaton"
American Psycho,"Christian Bale, Willem Dafoe"
The Good Girl,Jake Gyllenhaal
The Boondock Saints II: All Saints Day,Willem Dafoe
Easy A,Emma Stone
Shadow of the Vampire,Willem Dafoe
Clay Pigeons,Joaquin Phoenix
When Did You Last See Your Father?,Carey Mulligan
Begin Again,Mark Ruffalo
Down in the Valley,Edward Norton
The Singing Detective,"Robert Downey Jr., Adrien Brody"
Fido,Carrie-Anne Moss
Wild Target,"Rupert Grint, Emily Blunt"
Wuthering Heights,Tom Hardy
Far from Men,Viggo Mortensen
An Education,Carey Mulligan
Shopgirl,Jason Schwartzman
Harry Brown,Michael Caine
Juno,"Michael Cera, Jennifer Garner"
The Godfather,"Al Pacino, Marlon Brando"
(500) Days of Summer,Joseph Gordon-Levitt
Magic Mike,Channing Tatum
"Definitely, Maybe",Ryan Reynolds
"Good Night, and Good Luck.","George Clooney, Robert Downey Jr."
A Single Man,Nicholas Hoult
The Last Temptation of Christ,Willem Dafoe
Auto Focus,Willem Dafoe
Mother and Child,Samuel L. Jackson
Hesher,"Natalie Portman, Joseph Gordon-Levitt"
Gerry,Matt Damon
Ca$h,Chris Hemsworth
Wah-Wah,Nicholas Hoult
The Boondock Saints,Willem Dafoe
Stargate: The Ark of Truth,Morena Baccarin
The Chumscrubber,"Ralph Fiennes, Carrie-Anne Moss"
House at the End of the Street,Jennifer Lawrence
Perrier’s Bounty,Domhnall Gleeson
Dressed to Kill,Michael Caine
The Adventures of Huck Finn,Elijah Wood
Shame,Carey Mulligan
Layer Cake,Tom Hardy
Platoon,"Willem Dafoe, Johnny Depp"
Fahrenheit 9/11,Robert De Niro
National Lampoon’s Van Wilder,Ryan Reynolds
School Daze,Samuel L. Jackson
Mystic Pizza,Matt Damon
The Virgin Suicides,Kirsten Dunst
Little Voice,"Michael Caine, Ewan McGregor"
The Wackness,Ben Kingsley
The Greatest,Carey Mulligan
Snow Flower and the Secret Fan,Hugh Jackman
Julia,Meryl Streep
Don Jon,"Channing Tatum, Scarlett Johansson, Joseph Gordon-Levitt"
Ghost World,Scarlett Johansson
Iris,Emma Stone
Wonderland,Carrie Fisher
Do the Right Thing,Samuel L. Jackson
The Ten,Winona Ryder
Freddy's Dead: The Final Nightmare,Johnny Depp
Dallas Buyers Club,Jennifer Garner
Memento,Carrie-Anne Moss
Eve's Bayou,Samuel L. Jackson
Sunshine Cleaning,Emily Blunt
Not Easily Broken,Kevin Hart
Force 10 from Navarone,Harrison Ford
The Machinist,Christian Bale
Light Sleeper,Willem Dafoe
Rabbit Hole,Nicole Kidman
Albino Alligator,Viggo Mortensen
Farce of the Penguins,Samuel L. Jackson
Yoga Hosers,Johnny Depp
Driving Lessons,Rupert Grint
Only God Forgives,Ryan Gosling
Treading Water,Carrie-Anne Moss
25th Hour,Edward Norton
Donnie Darko,Jake Gyllenhaal
Spun,Jason Schwartzman
Mean Machine,Jason Statham
After.Life,Liam Neeson
Sexy Beast,Ben Kingsley
Lost in Translation,Scarlett Johansson
Annie Hall,"Sigourney Weaver, Jeff Goldblum"
Monster's Ball,Heath Ledger
Leaving Las Vegas,Mariska Hargitay
The Kids Are All Right,"Mark Ruffalo, Josh Hutcherson"
Scoop,"Hugh Jackman, Scarlett Johansson"
You Kill Me,Ben Kingsley
Prison,Viggo Mortensen
The Last Time I Committed Suicide,Adrien Brody
Four Lions,Benedict Cumberbatch
Menace II Society,Samuel L. Jackson
The Witch,Anya Taylor-Joy
She's the One,Cameron Diaz
Gods and Monsters,Ian McKellen
Beginners,Ewan McGregor
Trainspotting,Ewan McGregor
Basquiat,"Willem Dafoe, Gary Oldman"
Tusk,Johnny Depp
Bachelorette,Kirsten Dunst
Tim and Eric's Billion Dollar Movie,"Johnny Depp, Jeff Goldblum"
They Came Together,Amy Poehler
Maurice,Ben Kingsley
That Thing You Do!,Tom Hanks
Kevin Hart: Let Me Explain,Kevin Hart
Garden State,Natalie Portman
My Life Without Me,Mark Ruffalo
American Splendor,Josh Hutcherson
Winter's Bone,Jennifer Lawrence
Inside Job,Matt Damon
Harsh Times,Christian Bale
Full Frontal,Brad Pitt
London,"Jason Statham, Chris Evans"
Highway,Jake Gyllenhaal
Slacker Uprising,Viggo Mortensen
Buried,Ryan Reynolds
A Streetcar Named Desire,Marlon Brando
My Summer of Love,Emily Blunt
The Conversation,Harrison Ford
Kickboxer: Vengeance,Dave Bautista
The Believer,Ryan Gosling
"Lock, Stock and Two Smoking Barrels",Jason Statham
Trees Lounge,Samuel L. Jackson
You Can Count on Me,"Mark Ruffalo, Matthew Broderick"
Extreme Movie,Michael Cera
Waiting...,Ryan Reynolds
Taxi Driver,Robert De Niro
Blue Valentine,Ryan Gosling
Two Girls and a Guy,Robert Downey Jr.
Who Killed the Electric Car?,Tom Hanks
Lisa Picard Is Famous,Carrie Fisher
Safe Men,Mark Ruffalo
The Last Big Thing,Mark Ruffalo
Hits,Michael Cera
The Poker House,Jennifer Lawrence
On the Waterfront,Marlon Brando
Latter Days,Joseph Gordon-Levitt
Celeste & Jesse Forever,Elijah Wood
American Graffiti,Harrison Ford
Kevin Hart: Laugh at My Pain,Kevin Hart
Half Nelson,Ryan Gosling
Beyond the Mat,Dwayne Johnson
Johnny Suede,"Brad Pitt, Samuel L. Jackson"
The Slaughter Rule,Ryan Gosling
What Happens in Vegas,Cameron Diaz
Maniac,Elijah Wood
The Prophecy,Viggo Mortensen
Chasing Amy,Matt Damon
Lovely & Amazing,Jake Gyllenhaal
Like Crazy,Jennifer Lawrence
Bronson,Tom Hardy
Tadpole,Sigourney Weaver
Your Sister's Sister,Emily Blunt
The Birth of a Nation,Armie Hammer
My Date with Drew,Samuel L. Jackson
